event,season_from,season_to,position,points
grand_prix,2010,9999,1,25
grand_prix,2010,9999,2,18
grand_prix,2010,9999,3,15
grand_prix,2010,9999,4,12
grand_prix,2010,9999,5,10
grand_prix,2010,9999,6,8
grand_prix,2010,9999,7,6
grand_prix,2010,9999,8,4
grand_prix,2010,9999,9,2
grand_prix,2010,9999,10,1
sprint,2021,2021,1,3
sprint,2021,2021,2,2
sprint,2021,2021,3,1
sprint,2022,9999,1,8
sprint,2022,9999,2,7
sprint,2022,9999,3,6
sprint,2022,9999,4,5
sprint,2022,9999,5,4
sprint,2022,9999,6,3
sprint,2022,9999,7,2
sprint,2022,9999,8,1
