constructor,predicted_points_share,rank,ci_low,ci_high,ci_half
Mercedes,0.31211397,1,0.2706150531768799,0.31273381114006044,0.02105937898159027
Ferrari,0.21347521,2,0.18856908679008483,0.22274513840675353,0.01708802580833435
Red Bull Racing,0.16123416,3,0.13917064368724824,0.170944145321846,0.015886750817298886
McLaren,0.16067317,4,0.14759819060564042,0.17023259550333023,0.011317202448844904
Racing Bulls,0.050415825,5,0.04216140061616898,0.05261311456561089,0.005225856974720954
Alpine,0.04067731,6,0.03728796727955341,0.042152322456240655,0.002432177588343621
Audi,0.016796837,7,0.005396798485890031,0.020315832272171975,0.007459516893140972
Haas F1 Team,0.016357912,8,0.014935939572751522,0.018162649869918824,0.001613355148583651
Williams,0.0073031797,9,0.004595951270312071,0.007887150533497334,0.0016455996315926313
Aston Martin,0.0007885882,10,0.000772013352252543,0.004710148181766272,0.0019690674147568644
Cadillac,0.000615831,11,0.00019997140479972587,0.0014160798629745841,0.0006080542290874292
